customer_code,product_code,date,discounts_pct,other_deductions_pct
70002017,A0118150101,2017-09-01,0.2659568373,0.0718706275
70002017,A0118150101,2017-10-01,0.3089921425,0.0976271962
70002017,A0118150101,2017-11-01,0.3312678749,0.0752107404
70002017,A0118150101,2018-01-01,0.2957916324,0.0720356315
70002017,A0118150101,2018-02-01,0.3207865527,0.0793345762
70002017,A0118150101,2018-03-01,0.2634826863,0.1007454661
70002017,A0118150101,2018-05-01,0.2231491730,0.0819604740
70002017,A0118150101,2018-06-01,0.3019501683,0.0791333546
70002017,A0118150101,2018-07-01,0.3123406450,0.0929448730
70002017,A0118150102,2017-09-01,0.2302247453,0.0868821520
70002017,A0118150102,2017-10-01,0.2997839307,0.1029174247
70002017,A0118150102,2017-11-01,0.3075021203,0.1020734461
70002017,A0118150102,2018-01-01,0.3160211226,0.0671494454
70002017,A0118150102,2018-02-01,0.3079746890,0.0955283889
70002017,A0118150102,2018-03-01,0.2328579501,0.0977063795
70002017,A0118150102,2018-05-01,0.3171278115,0.0859697241
70002017,A0118150102,2018-06-01,0.3069788578,0.0868030312
70002017,A0118150102,2018-07-01,0.3304823495,0.0797087453
70002017,A0118150103,2017-09-01,0.3010404413,0.0912774392
70002017,A0118150103,2017-10-01,0.3028357547,0.0704551200
70002017,A0118150103,2017-11-01,0.2951568702,0.0766950990
70002017,A0118150103,2018-01-01,0.2816169483,0.0787243456
70002017,A0118150103,2018-02-01,0.3100130756,0.0967347646
70002017,A0118150103,2018-03-01,0.3042776440,0.0885972921
70002017,A0118150103,2018-05-01,0.3152121890,0.0715361370
70002017,A0118150103,2018-06-01,0.3144344566,0.0844172439
70002017,A0118150103,2018-07-01,0.2475100053,0.0708893238
70002017,A0118150104,2017-09-01,0.2407384310,0.0983373906
70002017,A0118150104,2017-10-01,0.2546952768,0.0839242294
70002017,A0118150104,2017-11-01,0.2824270695,0.0811489868
70002017,A0118150104,2018-01-01,0.2620357557,0.0882863614
70002017,A0118150104,2018-02-01,0.3321358447,0.0870964362
70002017,A0118150104,2018-03-01,0.2982016649,0.0914788699
70002017,A0118150104,2018-05-01,0.2416649521,0.0658943975
70002017,A0118150104,2018-06-01,0.3269143877,0.0803702963
70002017,A0118150104,2018-07-01,0.2882369714,0.0700583382
70002017,A0418150101,2017-09-01,0.3155734490,0.0810295956
70002017,A0418150101,2017-10-01,0.2598117731,0.0720205254
70002017,A0418150101,2017-11-01,0.3006703948,0.0683546125
70002017,A0418150101,2018-01-01,0.2408308907,0.0805381956
70002017,A0418150101,2018-02-01,0.2634311118,0.0671411623
70002017,A0418150101,2018-03-01,0.2759022995,0.0798850999
70002017,A0418150101,2018-05-01,0.2458435329,0.0714786652
70002017,A0418150101,2018-06-01,0.2439293721,0.0687031211
70002017,A0418150101,2018-07-01,0.3001121294,0.0681411345
70002017,A0418150102,2017-09-01,0.2544833454,0.0682162391
70002017,A0418150102,2017-10-01,0.3199550330,0.0987923467
70002017,A0418150102,2017-11-01,0.2797527675,0.0799039126
70002017,A0418150102,2018-01-01,0.2259728765,0.0865195368
70002017,A0418150102,2018-02-01,0.3225707762,0.1034115825
70002017,A0418150102,2018-03-01,0.3101444674,0.0773057723
70002017,A0418150102,2018-05-01,0.2317241466,0.0732648862
70002017,A0418150102,2018-06-01,0.2549860316,0.0908572353
70002017,A0418150102,2018-07-01,0.2993870579,0.0757235226
70002017,A0418150103,2017-09-01,0.2654406289,0.0751511563
70002017,A0418150103,2017-10-01,0.2604167095,0.0879330300
70002017,A0418150103,2017-11-01,0.2720343524,0.0964969923
70002017,A0418150103,2018-01-01,0.2548338523,0.1018831452
70002017,A0418150103,2018-02-01,0.3284969535,0.0787080850
70002017,A0418150103,2018-03-01,0.2350662748,0.0835738740
70002017,A0418150103,2018-05-01,0.3062056224,0.0697061836
70002017,A0418150103,2018-06-01,0.3262839889,0.0753456732
70002017,A0418150103,2018-07-01,0.2679679577,0.0781480583
70002017,A0418150104,2017-09-01,0.2256422064,0.0708357154
70002017,A0418150104,2017-10-01,0.3055479927,0.1019789105
70002017,A0418150104,2017-11-01,0.2959654736,0.0719168780
70002017,A0418150104,2018-01-01,0.2577303478,0.0856158063
70002017,A0418150104,2018-02-01,0.2813233495,0.0692781651
70002017,A0418150104,2018-03-01,0.2720247617,0.0762436560
70002017,A0418150104,2018-05-01,0.2759116524,0.0732957705
70002017,A0418150104,2018-06-01,0.3083295623,0.0738436421
70002017,A0418150104,2018-07-01,0.2414051426,0.0933348597
70002017,A0418150105,2017-09-01,0.2667230906,0.0689559521
70002017,A0418150105,2017-10-01,0.3267858917,0.0720061332
70002017,A0418150105,2017-11-01,0.3095926197,0.0714274999
70002017,A0418150105,2018-01-01,0.2626744889,0.1037424009
70002017,A0418150105,2018-02-01,0.2729831960,0.0755776141
70002017,A0418150105,2018-03-01,0.2776032850,0.0712612833
70002017,A0418150105,2018-05-01,0.2298850609,0.0855181815
70002017,A0418150105,2018-06-01,0.2705939169,0.0764679686
70002017,A0418150105,2018-07-01,0.2340552466,0.0983014184
70002017,A1018150101,2017-09-01,0.3052331937,0.0999961491
70002017,A1018150101,2017-10-01,0.2322442898,0.0708213505
70002017,A1018150101,2017-11-01,0.3100277512,0.0999041861
70002017,A1018150101,2018-01-01,0.2670731366,0.0986262259
70002017,A1018150101,2018-02-01,0.3155807806,0.0871550710
70002017,A1018150101,2018-03-01,0.3260361741,0.0792679632
70002017,A1018150101,2018-05-01,0.2732308482,0.0713953529
70002017,A1018150101,2018-06-01,0.3258704559,0.0813445436
70002017,A1018150101,2018-07-01,0.3315205748,0.0960803919
70002017,A1018150102,2017-09-01,0.2680945432,0.0790451077
70002017,A1018150102,2017-10-01,0.2824953839,0.0943199846
70002017,A1018150102,2017-11-01,0.2748804209,0.0689372867
70002017,A1018150102,2018-01-01,0.2948391473,0.0842352000
70002017,A1018150102,2018-02-01,0.2716345956,0.0711336723
70002017,A1018150102,2018-03-01,0.2377045794,0.0937510238
70002017,A1018150102,2018-05-01,0.2914794717,0.0661346955
70002017,A1018150102,2018-06-01,0.2978931165,0.0832146789
70002017,A1018150102,2018-07-01,0.2420969060,0.0750673573
70002017,A1018150103,2017-09-01,0.3031717188,0.0781749426
70002017,A1018150103,2017-10-01,0.2379542215,0.0719716722
70002017,A1018150103,2017-11-01,0.3157525524,0.0775048685
70002017,A1018150103,2018-01-01,0.2349591261,0.1013799721
70002017,A1018150103,2018-02-01,0.2972968664,0.0969586542
70002017,A1018150103,2018-03-01,0.3172024752,0.0835122568
70002017,A1018150103,2018-05-01,0.2343195195,0.0955944563
70002017,A1018150103,2018-06-01,0.2682448485,0.0704007411
70002017,A1018150103,2018-07-01,0.2250123181,0.1032637472
70002017,A1118150201,2017-09-01,0.3278213904,0.0697027000
70002017,A1118150201,2017-10-01,0.3025580880,0.0664547888
70002017,A1118150201,2017-11-01,0.2468157315,0.0787852568
70002017,A1118150201,2018-01-01,0.3184037851,0.0683495827
70002017,A1118150201,2018-02-01,0.3005419348,0.0927679418
70002017,A1118150201,2018-03-01,0.2597761950,0.0804380744
70002017,A1118150201,2018-05-01,0.2684496803,0.0889687641
70002017,A1118150201,2018-06-01,0.2739189874,0.0767847405
70002017,A1118150201,2018-07-01,0.2885556251,0.0921224717
70002017,A1118150202,2017-09-01,0.2561397370,0.0896092120
70002017,A1118150202,2017-10-01,0.2342607276,0.1010190112
70002017,A1118150202,2017-11-01,0.2563468971,0.0728480924
70002017,A1118150202,2018-01-01,0.3106778289,0.0694870638
70002017,A1118150202,2018-02-01,0.2688031442,0.0722519085
70002017,A1118150202,2018-03-01,0.3071470267,0.1011861756
70002017,A1118150202,2018-05-01,0.2935527826,0.0854007470
70002017,A1118150202,2018-06-01,0.2598892031,0.0797455436
70002017,A1118150202,2018-07-01,0.2344495804,0.0986360263
70002017,A1119150203,2017-09-01,0.2504763848,0.0904362967
70002017,A1119150203,2017-10-01,0.2301803052,0.0805010665
70002017,A1119150203,2017-11-01,0.3038234059,0.1021565573
70002017,A1119150203,2018-01-01,0.2621178782,0.0765476787
70002017,A1119150203,2018-02-01,0.2952229406,0.1017982781
70002017,A1119150203,2018-03-01,0.2505299150,0.0988650834
70002017,A1119150203,2018-05-01,0.2658171544,0.0843347128
70002017,A1119150203,2018-06-01,0.3133926164,0.0884697190
70002017,A1119150203,2018-07-01,0.2222782348,0.0910089284
70002017,A1219150301,2017-09-01,0.2784173518,0.0971273239
70002017,A1219150301,2017-10-01,0.2675661103,0.0813968219
70002017,A1219150301,2017-11-01,0.2529300365,0.0919814664
70002017,A1219150301,2018-01-01,0.3060431629,0.0931523913
70002017,A1219150301,2018-02-01,0.2632653229,0.0837135370
70002017,A1219150301,2018-03-01,0.2353411237,0.0915556064
70002017,A1219150301,2018-05-01,0.2815916979,0.0997346610
70002017,A1219150301,2018-06-01,0.2283874697,0.0880257811
70002017,A1219150301,2018-07-01,0.2831309049,0.1030299542
70002017,A1618150101,2017-09-01,0.3106094689,0.0982478865
70002017,A1618150101,2017-10-01,0.3328218563,0.0778042800
70002017,A1618150101,2017-11-01,0.2243583710,0.0868012098
70002017,A1618150101,2018-01-01,0.3224395590,0.0682882336
70002017,A1618150101,2018-02-01,0.3273861078,0.0859338032
70002017,A1618150101,2018-03-01,0.3004628273,0.1026143832
70002017,A1618150101,2018-05-01,0.3174583665,0.0711849314
70002017,A1618150101,2018-06-01,0.2354858824,0.0864144374
70002017,A1618150101,2018-07-01,0.3103523097,0.0972869345
70002017,A1618150102,2017-09-01,0.2940168649,0.0993882850
70002017,A1618150102,2017-10-01,0.2595188770,0.0927783914
70002017,A1618150102,2017-11-01,0.3065238846,0.0677366214
70002017,A1618150102,2018-01-01,0.2427455154,0.0810347237
70002017,A1618150102,2018-02-01,0.3120016885,0.0795396289
70002017,A1618150102,2018-03-01,0.2432966548,0.0658737742
70002017,A1618150102,2018-05-01,0.2246836182,0.0689432018
70002017,A1618150102,2018-06-01,0.2856423746,0.0767623591
70002017,A1618150102,2018-07-01,0.3147438040,0.0724407825
70002017,A1618150103,2017-09-01,0.2852561254,0.0776448693
70002017,A1618150103,2017-10-01,0.2530767611,0.0727846155
70002017,A1618150103,2017-11-01,0.2908111862,0.0938334863
70002017,A1618150103,2018-01-01,0.2279707908,0.0915141723
70002017,A1618150103,2018-02-01,0.2490886510,0.0734512024
70002017,A1618150103,2018-03-01,0.2715114245,0.0966207751
70002017,A1618150103,2018-05-01,0.2841103832,0.0834033454
70002017,A1618150103,2018-06-01,0.2579678128,0.0776768406
70002017,A1618150103,2018-07-01,0.3225954068,0.0715104701
70002017,A1618150104,2017-09-01,0.3263689455,0.0962245973
70002017,A1618150104,2017-10-01,0.2615272970,0.0718951111
70002017,A1618150104,2017-11-01,0.3014893661,0.0766474987
70002017,A1618150104,2018-01-01,0.3193648219,0.0817385246
70002017,A1618150104,2018-02-01,0.3198858670,0.0675733927
70002017,A1618150104,2018-03-01,0.3242281048,0.0829435672
70002017,A1618150104,2018-05-01,0.2557918332,0.0878462198
70002017,A1618150104,2018-06-01,0.3277049839,0.0973528857
70002017,A1618150104,2018-07-01,0.2605144419,0.1020561407
70002017,A1718150201,2017-09-01,0.2426763022,0.0800811678
70002017,A1718150201,2017-10-01,0.2446765576,0.0909701908
70002017,A1718150201,2017-11-01,0.2617656414,0.0945946417
70002017,A1718150201,2018-01-01,0.3206182427,0.0836768959
70002017,A1718150201,2018-02-01,0.3077650425,0.0701412265
70002017,A1718150201,2018-03-01,0.2552469696,0.0818810555
70002017,A1718150201,2018-05-01,0.2237590388,0.0694007362
70002017,A1718150201,2018-06-01,0.2869783111,0.0823143176
70002017,A1718150201,2018-07-01,0.2520488588,0.0957282296
70002017,A2118150101,2017-09-01,0.2695923013,0.0687757003
70002017,A2118150101,2017-10-01,0.2909007347,0.1015824923
70002017,A2118150101,2017-11-01,0.2265081456,0.0681659650
70002017,A2118150101,2018-01-01,0.2267784122,0.0702753510
70002017,A2118150101,2018-02-01,0.2490050112,0.0806586243
70002017,A2118150101,2018-03-01,0.3247123820,0.0845233273
70002017,A2118150101,2018-05-01,0.2508383690,0.0737918413
70002017,A2118150101,2018-06-01,0.2896883208,0.0867832408
70002017,A2118150101,2018-07-01,0.2815802218,0.0888806433
70002017,A2118150102,2017-09-01,0.2247814346,0.0854868340
70002017,A2118150102,2017-10-01,0.3021978412,0.0826969793
70002017,A2118150102,2017-11-01,0.2285045266,0.0885359271
70002017,A2118150102,2018-01-01,0.2380626552,0.0719006834
70002017,A2118150102,2018-02-01,0.2721688436,0.0681696162
70002017,A2118150102,2018-03-01,0.3233165788,0.0992653385
70002017,A2118150102,2018-05-01,0.2710642297,0.0672927810
70002017,A2118150102,2018-06-01,0.3126464557,0.1035849317
70002017,A2118150102,2018-07-01,0.2244055249,0.1019688341
70002017,A2118150103,2017-09-01,0.2812857606,0.0908135930
70002017,A2118150103,2017-10-01,0.3079254271,0.0912093888
70002017,A2118150103,2017-11-01,0.2564000602,0.0701918254
70002017,A2118150103,2018-01-01,0.2704164635,0.0743070218
70002017,A2118150103,2018-02-01,0.3027501979,0.0691737946
70002017,A2118150103,2018-03-01,0.3211571455,0.0929803728
70002017,A2118150103,2018-05-01,0.2996772192,0.0660877079
70002017,A2118150103,2018-06-01,0.2717407947,0.0882048210
70002017,A2118150103,2018-07-01,0.2644780919,0.0882105258
70002017,A2118150104,2017-09-01,0.2580670565,0.0699129748
70002017,A2118150104,2017-10-01,0.2543941635,0.0828427616
70002017,A2118150104,2017-11-01,0.3138359156,0.0956155571
70002017,A2118150104,2018-01-01,0.2668763280,0.0784061835
70002017,A2118150104,2018-02-01,0.3327576614,0.0852591432
70002017,A2118150104,2018-03-01,0.2991780237,0.0813436070
70002017,A2118150104,2018-05-01,0.3159380774,0.0667529734
70002017,A2118150104,2018-06-01,0.2716338631,0.0882576414
70002017,A2118150104,2018-07-01,0.2477336070,0.0680268888
70002017,A2118150105,2017-09-01,0.3297938861,0.0685309344
70002017,A2118150105,2017-10-01,0.2528132400,0.0937224853
70002017,A2118150105,2017-11-01,0.2822870753,0.0941986776
70002017,A2118150105,2018-01-01,0.2611830928,0.0819148802
70002017,A2118150105,2018-02-01,0.3125072109,0.0701485631
70002017,A2118150105,2018-03-01,0.3143129813,0.0788043866
70002017,A2118150105,2018-05-01,0.3229352888,0.1005555506
70002017,A2118150105,2018-06-01,0.2919239345,0.0983857522
70002017,A2118150105,2018-07-01,0.3216040691,0.0814990353
70002017,A2118150106,2017-09-01,0.3162963841,0.0825085306
70002017,A2118150106,2017-10-01,0.2381067489,0.0967219305
70002017,A2118150106,2017-11-01,0.2428123313,0.0791825519
70002017,A2118150106,2018-01-01,0.2231760923,0.0845552052
70002017,A2118150106,2018-02-01,0.2322556080,0.0762655095
70002017,A2118150106,2018-03-01,0.3237747653,0.0731050194
70002017,A2118150106,2018-05-01,0.3025874739,0.0849086087
70002017,A2118150106,2018-06-01,0.2517366552,0.0702428660
70002017,A2118150106,2018-07-01,0.2985886659,0.0879913383
70002017,A2218150201,2017-09-01,0.2430977156,0.0857589504
70002017,A2218150201,2017-10-01,0.2791059739,0.0994010896
70002017,A2218150201,2017-11-01,0.2631452941,0.0934850475
70002017,A2218150201,2018-01-01,0.2816222062,0.0977706263
70002017,A2218150201,2018-02-01,0.2897408564,0.0693739796
70002017,A2218150201,2018-03-01,0.2669947274,0.0908095249
70002017,A2218150201,2018-05-01,0.2621732910,0.0969647657
70002017,A2218150201,2018-06-01,0.2916615043,0.0828048591
70002017,A2218150201,2018-07-01,0.2962129072,0.0979842964
70002017,A2218150202,2017-09-01,0.3201091560,0.0849209345
70002017,A2218150202,2017-10-01,0.2644552038,0.0676413182
70002017,A2218150202,2017-11-01,0.2652448741,0.0670393685
70002017,A2218150202,2018-01-01,0.2360231835,0.1003263579
70002017,A2218150202,2018-02-01,0.2655657302,0.0660352779
70002017,A2218150202,2018-03-01,0.2351287086,0.1036623376
70002017,A2218150202,2018-05-01,0.2929114060,0.0826661146
70002017,A2218150202,2018-06-01,0.2743584382,0.0680231370
70002017,A2218150202,2018-07-01,0.3238595669,0.0812957305
70002017,A2219150203,2017-09-01,0.2230214862,0.0878984913
70002017,A2219150203,2017-10-01,0.3243681657,0.0671760994
70002017,A2219150203,2017-11-01,0.2836881505,0.0784740984
70002017,A2219150203,2018-01-01,0.3099390420,0.0725916681
70002017,A2219150203,2018-02-01,0.2893599514,0.1006516791
70002017,A2219150203,2018-03-01,0.2888059847,0.0664148228
70002017,A2219150203,2018-05-01,0.3269111302,0.0911097308
70002017,A2219150203,2018-06-01,0.2944244244,0.0997291190
70002017,A2219150203,2018-07-01,0.2304916315,0.0832470351
70002017,A2918150101,2017-09-01,0.2872308788,0.0918101324
70002017,A2918150101,2017-10-01,0.2920268239,0.0940279291
70002017,A2918150101,2017-11-01,0.3298727847,0.0847617020
70002017,A2918150101,2018-01-01,0.2633219856,0.0738412224
70002017,A2918150101,2018-02-01,0.2380655714,0.0935674528
70002017,A2918150101,2018-03-01,0.3065361751,0.0878146869
70002017,A2918150101,2018-05-01,0.3026824851,0.0863716577
70002017,A2918150101,2018-06-01,0.2376350244,0.0702840109
70002017,A2918150101,2018-07-01,0.2415154719,0.0822991310
70002017,A2918150102,2017-09-01,0.2516279859,0.0692205053
70002017,A2918150102,2017-10-01,0.2663509526,0.0875804664
70002017,A2918150102,2017-11-01,0.2905135063,0.1035380220
70002017,A2918150102,2018-01-01,0.3206376680,0.1008814300
70002017,A2918150102,2018-02-01,0.3048694623,0.1001126503
70002017,A2918150102,2018-03-01,0.2733672795,0.0865475478
70002017,A2918150102,2018-05-01,0.3241579518,0.0991019855
70002017,A2918150102,2018-06-01,0.3184337135,0.1024668590
70002017,A2918150102,2018-07-01,0.2586885138,0.0868616289
70002017,A2918150103,2017-09-01,0.2717103878,0.1020231328
70002017,A2918150103,2017-10-01,0.2384888793,0.0764230395
70002017,A2918150103,2017-11-01,0.2768436600,0.0890198205
70002017,A2918150103,2018-01-01,0.2667635938,0.0881078666
70002017,A2918150103,2018-02-01,0.2881859977,0.0827400678
70002017,A2918150103,2018-03-01,0.2597990951,0.0717764053
70002017,A2918150103,2018-05-01,0.2507357494,0.0913597528
70002017,A2918150103,2018-06-01,0.2244156808,0.0824108082
70002017,A2918150103,2018-07-01,0.2822217757,0.0676145679
70002017,A2918150104,2017-09-01,0.2577718933,0.0735152965
70002017,A2918150104,2017-10-01,0.2773927814,0.0934363413
70002017,A2918150104,2017-11-01,0.2913702504,0.0746757750
70002017,A2918150104,2018-01-01,0.3056984795,0.0741886912
70002017,A2918150104,2018-02-01,0.3251756479,0.0892473638
70002017,A2918150104,2018-03-01,0.2599633700,0.0780765843
70002017,A2918150104,2018-05-01,0.2224032929,0.0724669249
70002017,A2918150104,2018-06-01,0.2394911943,0.0812102553
70002017,A2918150104,2018-07-01,0.3082707396,0.0954897613
70002017,A2918150105,2017-09-01,0.2807791284,0.0841146290
70002017,A2918150105,2017-10-01,0.2812401606,0.0876454631
70002017,A2918150105,2017-11-01,0.3260918944,0.0966279442
70002017,A2918150105,2018-01-01,0.2438172499,0.0730136844
70002017,A2918150105,2018-02-01,0.2985747352,0.1020080909
70002017,A2918150105,2018-03-01,0.2812301730,0.0863252345
70002017,A2918150105,2018-05-01,0.2519068857,0.0952148787
70002017,A2918150105,2018-06-01,0.2471125880,0.1011509939
70002017,A2918150105,2018-07-01,0.3256091049,0.0677293796
70002017,A2918150106,2017-09-01,0.2843819074,0.0678470641
70002017,A2918150106,2017-10-01,0.2933617216,0.0731713884
70002017,A2918150106,2017-11-01,0.3128643258,0.0828024899
70002017,A2918150106,2018-01-01,0.2499518742,0.0746875983
70002017,A2918150106,2018-02-01,0.2772639377,0.0846747928
70002017,A2918150106,2018-03-01,0.3011367644,0.0895959018
70002017,A2918150106,2018-05-01,0.3077558786,0.0669386578
70002017,A2918150106,2018-06-01,0.2422501013,0.0921197846
70002017,A2918150106,2018-07-01,0.3151251622,0.0978677912
70002017,A3018150201,2017-09-01,0.2387824360,0.0772924407
70002017,A3018150201,2017-10-01,0.3084195430,0.0994181197
70002017,A3018150201,2017-11-01,0.2303152071,0.0866855407
70002017,A3018150201,2018-01-01,0.2445360187,0.0847170178
70002017,A3018150201,2018-02-01,0.2693253612,0.1003166441
70002017,A3018150201,2018-03-01,0.3078186513,0.0742690212
70002017,A3018150201,2018-05-01,0.3313573412,0.0969412017
70002017,A3018150201,2018-06-01,0.3059348713,0.0824053543
70002017,A3018150201,2018-07-01,0.2757553822,0.0810062875
70002017,A3018150202,2017-09-01,0.3223844602,0.1003076197
70002017,A3018150202,2017-10-01,0.2282397951,0.0861712405
70002017,A3018150202,2017-11-01,0.2963618629,0.0821168488
70002017,A3018150202,2018-01-01,0.3285614039,0.1013252908
70002017,A3018150202,2018-02-01,0.2981428165,0.0714398978
70002017,A3018150202,2018-03-01,0.3241031232,0.0748603299
70002017,A3018150202,2018-05-01,0.2817273190,0.0922496672
70002017,A3018150202,2018-06-01,0.2267575363,0.0792188742
70002017,A3018150202,2018-07-01,0.3081278413,0.0836464819
70002017,A3018150203,2017-09-01,0.3070750825,0.0775645991
70002017,A3018150203,2017-10-01,0.2327879767,0.0856636982
70002017,A3018150203,2017-11-01,0.2944509141,0.0727168657
70002017,A3018150203,2018-01-01,0.3137449376,0.0693242357
70002017,A3018150203,2018-02-01,0.2298723061,0.0739988307
70002017,A3018150203,2018-03-01,0.2829096658,0.1005048505
70002017,A3018150203,2018-05-01,0.3304047127,0.0735340275
70002017,A3018150203,2018-06-01,0.2537986711,0.0723887162
70002017,A3018150203,2018-07-01,0.2726714550,0.0932113381
70002017,A3019150204,2017-09-01,0.2866999757,0.0660581903
70002017,A3019150204,2017-10-01,0.2225876495,0.0969479927
70002017,A3019150204,2017-11-01,0.2823317831,0.0680875591
70002017,A3019150204,2018-01-01,0.2440634706,0.0845349118
70002017,A3019150204,2018-02-01,0.3128758975,0.0803460393
70002017,A3019150204,2018-03-01,0.3191089172,0.0960495996
70002017,A3019150204,2018-05-01,0.2601758656,0.0937660289
70002017,A3019150204,2018-06-01,0.2465610662,0.0904560229
70002017,A3019150204,2018-07-01,0.2236446820,0.1011036441
70002017,A3019150205,2017-09-01,0.2547937109,0.0839422063
70002017,A3019150205,2017-10-01,0.2824494837,0.0719897788
70002017,A3019150205,2017-11-01,0.3203034617,0.1004524995
70002017,A3019150205,2018-01-01,0.2919336245,0.0874603841
70002017,A3019150205,2018-02-01,0.3176137093,0.0924005979
70002017,A3019150205,2018-03-01,0.3305314393,0.1013231978
70002017,A3019150205,2018-05-01,0.2582262457,0.0829103871
70002017,A3019150205,2018-06-01,0.2458640700,0.0716802124
70002017,A3019150205,2018-07-01,0.2772880193,0.0706280362
70002017,A3019150206,2017-09-01,0.3212831387,0.0981770566
70002017,A3019150206,2017-10-01,0.2287963583,0.0886437033
70002017,A3019150206,2017-11-01,0.2706447299,0.0807340555
70002017,A3019150206,2018-01-01,0.3152964988,0.0719176171
70002017,A3019150206,2018-02-01,0.2223779197,0.0978283728
70002017,A3019150206,2018-03-01,0.3154833986,0.0769316377
70002017,A3019150206,2018-05-01,0.2662288902,0.0868930428
70002017,A3019150206,2018-06-01,0.2590183244,0.0977488174
70002017,A3019150206,2018-07-01,0.2447125436,0.0921142229
70002017,A3718150101,2017-09-01,0.2816948100,0.0934412124
70002017,A3718150101,2017-10-01,0.2942958056,0.0785337169
70002017,A3718150101,2017-11-01,0.2951977978,0.0711964463
70002017,A3718150101,2018-01-01,0.2746841776,0.0724323859
70002017,A3718150101,2018-02-01,0.2744535031,0.0861355138
70002017,A3718150101,2018-03-01,0.2281363238,0.1002302852
70002017,A3718150101,2018-05-01,0.2654293511,0.0884677360
70002017,A3718150101,2018-06-01,0.3263337492,0.0960609139
70002017,A3718150101,2018-07-01,0.2681095195,0.0921310682
70002017,A3718150102,2017-09-01,0.2999096309,0.1004978802
70002017,A3718150102,2017-10-01,0.2517228612,0.0831834581
70002017,A3718150102,2017-11-01,0.3321140160,0.0899794519
70002017,A3718150102,2018-01-01,0.3048205073,0.0884532879
70002017,A3718150102,2018-02-01,0.2875479845,0.0839996295
70002017,A3718150102,2018-03-01,0.3008095962,0.0970216056
70002017,A3718150102,2018-05-01,0.2509336381,0.0733674549
70002017,A3718150102,2018-06-01,0.2930085166,0.0792092013
70002017,A3718150102,2018-07-01,0.2437382503,0.1031849372
70002017,A3718150103,2017-09-01,0.2554446645,0.0670601531
70002017,A3718150103,2017-10-01,0.3063724048,0.0734884600
70002017,A3718150103,2017-11-01,0.3079785570,0.1000903015
70002017,A3718150103,2018-01-01,0.2936155308,0.0800391473
70002017,A3718150103,2018-02-01,0.2890054299,0.0804865352
70002017,A3718150103,2018-03-01,0.2843244316,0.0694974720
70002017,A3718150103,2018-05-01,0.3317820549,0.0869588431
70002017,A3718150103,2018-06-01,0.3323177372,0.0935185656
70002017,A3718150103,2018-07-01,0.3285365821,0.0710594724
70002017,A3718150104,2017-09-01,0.3246322516,0.0814738216
70002017,A3718150104,2017-10-01,0.2824937815,0.0841762719
70002017,A3718150104,2017-11-01,0.2800879414,0.0727744350
70002017,A3718150104,2018-01-01,0.2778735855,0.0908719216
70002017,A3718150104,2018-02-01,0.2728634044,0.0675728172
70002017,A3718150104,2018-03-01,0.3016745144,0.0911101734
70002017,A3718150104,2018-05-01,0.3235259929,0.0931494375
70002017,A3718150104,2018-06-01,0.2598272354,0.0898327656
70002017,A3718150104,2018-07-01,0.2595029799,0.0724046544
70002017,A3718150105,2017-09-01,0.2455814911,0.0666447494
70002017,A3718150105,2017-10-01,0.3215572910,0.0661551556
70002017,A3718150105,2017-11-01,0.2315803370,0.0976191908
70002017,A3718150105,2018-01-01,0.2810412602,0.0824319986
70002017,A3718150105,2018-02-01,0.2906452650,0.1009213725
70002017,A3718150105,2018-03-01,0.2793056893,0.1024141190
70002017,A3718150105,2018-05-01,0.2400769125,0.0957611245
70002017,A3718150105,2018-06-01,0.3262533930,0.0788965708
70002017,A3718150105,2018-07-01,0.2506922173,0.0901491996
70002017,A3818150201,2017-09-01,0.2782518548,0.0726536602
70002017,A3818150201,2017-10-01,0.2635486221,0.0661629742
70002017,A3818150201,2017-11-01,0.2242748391,0.0921495254
70002017,A3818150201,2018-01-01,0.2244774515,0.0991403944
70002017,A3818150201,2018-02-01,0.2619091190,0.0781064353
70002017,A3818150201,2018-03-01,0.3242490832,0.0879248261
70002017,A3818150201,2018-05-01,0.2321745939,0.0890673883
70002017,A3818150201,2018-06-01,0.3137602924,0.0750670002
70002017,A3818150201,2018-07-01,0.2886126391,0.0841044881
70002017,A3818150202,2017-09-01,0.2447629573,0.0860406505
70002017,A3818150202,2017-10-01,0.2236041005,0.1034824161
70002017,A3818150202,2017-11-01,0.2998255112,0.0903938895
70002017,A3818150202,2018-01-01,0.3268411241,0.0689375333
70002017,A3818150202,2018-02-01,0.2686100873,0.0842758100
70002017,A3818150202,2018-03-01,0.2987799524,0.0968399643
70002017,A3818150202,2018-05-01,0.2783851185,0.0895231463
70002017,A3818150202,2018-06-01,0.2415652292,0.0907151481
70002017,A3818150202,2018-07-01,0.2608212003,0.0710713583
70002017,A4118110101,2017-09-01,0.2471965820,0.0782764779
70002017,A4118110101,2017-10-01,0.3127927549,0.0787394037
70002017,A4118110101,2017-11-01,0.2369253872,0.0811350599
70002017,A4118110101,2018-01-01,0.2797906510,0.0681140990
70002017,A4118110101,2018-02-01,0.3007526348,0.0966197584
70002017,A4118110101,2018-03-01,0.2252718805,0.0841680700
70002017,A4118110101,2018-05-01,0.2222675210,0.0836510760
70002017,A4118110101,2018-06-01,0.2634238512,0.0881855267
70002017,A4118110101,2018-07-01,0.2987467737,0.0777477906
70002017,A4118110102,2017-09-01,0.2593427077,0.0810043971
70002017,A4118110102,2017-10-01,0.3077030390,0.0797230232
70002017,A4118110102,2017-11-01,0.2375220627,0.0931917075
70002017,A4118110102,2018-01-01,0.2604992348,0.0734669850
70002017,A4118110102,2018-02-01,0.2611715934,0.0890912391
70002017,A4118110102,2018-03-01,0.2630633251,0.0962873256
70002017,A4118110102,2018-05-01,0.2570895376,0.0748223992
70002017,A4118110102,2018-06-01,0.3276134842,0.0768205641
70002017,A4118110102,2018-07-01,0.2776489834,0.0672013295
70002017,A4118110103,2017-09-01,0.2510622383,0.0940781893
70002017,A4118110103,2017-10-01,0.2914795251,0.0677858663
70002017,A4118110103,2017-11-01,0.3167703775,0.0702065161
70002017,A4118110103,2018-01-01,0.2555617841,0.0774580556
70002017,A4118110103,2018-02-01,0.2540479271,0.0817670385
70002017,A4118110103,2018-03-01,0.3068161958,0.1009941562
70002017,A4118110103,2018-05-01,0.2699874140,0.0927183025
70002017,A4118110103,2018-06-01,0.3123557622,0.0938530053
70002017,A4118110103,2018-07-01,0.2997354728,0.0910637798
70002017,A4118110104,2017-09-01,0.2966187171,0.0696832435
70002017,A4118110104,2017-10-01,0.2607100758,0.0795264526
70002017,A4118110104,2017-11-01,0.3235297563,0.0952768123
70002017,A4118110104,2018-01-01,0.2675412115,0.0870758292
70002017,A4118110104,2018-02-01,0.2262369216,0.0761735367
70002017,A4118110104,2018-03-01,0.2766545978,0.0662371940
70002017,A4118110104,2018-05-01,0.2996985593,0.0673836252
70002017,A4118110104,2018-06-01,0.2775997065,0.0843999553
70002017,A4118110104,2018-07-01,0.3220290613,0.0806942116
70002017,A4118110105,2017-09-01,0.3221915057,0.0778797305
70002017,A4118110105,2017-10-01,0.2783435870,0.1024843517
70002017,A4118110105,2017-11-01,0.3136507477,0.0973369023
70002017,A4118110105,2018-01-01,0.2923109472,0.0948688394
70002017,A4118110105,2018-02-01,0.2322074248,0.0723049274
70002017,A4118110105,2018-03-01,0.3169766520,0.0666933759
70002017,A4118110105,2018-05-01,0.3292664003,0.0712283197
70002017,A4118110105,2018-06-01,0.3309624403,0.0758152093
70002017,A4118110105,2018-07-01,0.2715861730,0.0729720892
70002017,A4118110106,2017-09-01,0.2931075634,0.0862025521
70002017,A4118110106,2017-10-01,0.2886323471,0.0750386680
70002017,A4118110106,2017-11-01,0.2257347338,0.0766236385
70002017,A4118110106,2018-01-01,0.3265135309,0.0676669686
70002017,A4118110106,2018-02-01,0.2358263778,0.0714308156
70002017,A4118110106,2018-03-01,0.2707988952,0.0938391975
70002017,A4118110106,2018-05-01,0.2470913824,0.0698511765
70002017,A4118110106,2018-06-01,0.2464880048,0.0742711858
70002017,A4118110106,2018-07-01,0.2308473534,0.0675567369
70002017,A4118110107,2017-09-01,0.2550509996,0.0770147631
70002017,A4118110107,2017-10-01,0.2499993812,0.0852004971
70002017,A4118110107,2017-11-01,0.2696739816,0.0718112239
70002017,A4118110107,2018-01-01,0.2825571353,0.0802607095
70002017,A4118110107,2018-02-01,0.3289894728,0.0740992256
70002017,A4118110107,2018-03-01,0.3284858862,0.0687260803
70002017,A4118110107,2018-05-01,0.3038446951,0.0992339385
70002017,A4118110107,2018-06-01,0.3132745094,0.0708474181
70002017,A4118110107,2018-07-01,0.2486948994,0.0697606458
70002017,A4218110201,2017-09-01,0.2738513498,0.1010065751
70002017,A4218110201,2017-10-01,0.3254578018,0.0815310784
70002017,A4218110201,2017-11-01,0.2486926441,0.0882123398
70002017,A4218110201,2018-01-01,0.2546329055,0.0971114953
70002017,A4218110201,2018-02-01,0.2907875858,0.0710279513
70002017,A4218110201,2018-03-01,0.3080729720,0.0809224265
70002017,A4218110201,2018-05-01,0.2867730800,0.0760409919
70002017,A4218110201,2018-06-01,0.3121591863,0.0660382898
70002017,A4218110201,2018-07-01,0.2234976533,0.0852192630
70002017,A4218110202,2017-09-01,0.2237837983,0.0903217278
70002017,A4218110202,2017-10-01,0.2688298921,0.0935416949
70002017,A4218110202,2017-11-01,0.2652719690,0.0907815357
70002017,A4218110202,2018-01-01,0.2782989826,0.0841485880
70002017,A4218110202,2018-02-01,0.2558771485,0.0974733906
70002017,A4218110202,2018-03-01,0.2509682496,0.0771184433
70002017,A4218110202,2018-05-01,0.2559260671,0.0757106298
70002017,A4218110202,2018-06-01,0.3310038657,0.0759598390
70002017,A4218110202,2018-07-01,0.3204176419,0.0981164076
70002017,A4218110203,2017-09-01,0.2520750566,0.0841069488
70002017,A4218110203,2017-10-01,0.3100596783,0.0815979640
70002017,A4218110203,2017-11-01,0.2930010050,0.0669703082
70002017,A4218110203,2018-01-01,0.2954078599,0.0978915131
70002017,A4218110203,2018-02-01,0.2361737521,0.0763686958
70002017,A4218110203,2018-03-01,0.2393978068,0.0819781545
70002017,A4218110203,2018-05-01,0.2466318264,0.0941796326
70002017,A4218110203,2018-06-01,0.2723691322,0.0842687302
70002017,A4218110203,2018-07-01,0.2812826227,0.0758947348
70002017,A4218110204,2017-09-01,0.2812385214,0.0760938016
70002017,A4218110204,2017-10-01,0.3226394303,0.0766084936
70002017,A4218110204,2017-11-01,0.2698815468,0.0747126717
70002017,A4218110204,2018-01-01,0.2741157194,0.0709414140
70002017,A4218110204,2018-02-01,0.3020951899,0.0774461432
70002017,A4218110204,2018-03-01,0.2542343186,0.1020883070
70002017,A4218110204,2018-05-01,0.2348762864,0.0939559379
70002017,A4218110204,2018-06-01,0.2648298291,0.0917837714
70002017,A4218110204,2018-07-01,0.2803746580,0.0726549173
70002017,A4218110205,2017-09-01,0.2771684931,0.0992270698
70002017,A4218110205,2017-10-01,0.2766086312,0.0774332857
70002017,A4218110205,2017-11-01,0.3205267446,0.0829362413
70002017,A4218110205,2018-01-01,0.2567948905,0.0822257130
70002017,A4218110205,2018-02-01,0.3320162458,0.0885632910
70002017,A4218110205,2018-03-01,0.3300197385,0.0864417455
70002017,A4218110205,2018-05-01,0.3071392894,0.0970309461
70002017,A4218110205,2018-06-01,0.3027547145,0.0754300561
70002017,A4218110205,2018-07-01,0.3328513808,0.0684781648
70002017,A4918110101,2017-09-01,0.3297538011,0.0985477450
70002017,A4918110101,2017-10-01,0.2888164462,0.0989705508
70002017,A4918110101,2017-11-01,0.2262636513,0.0879615894
70002017,A4918110101,2018-01-01,0.2592311813,0.0986989680
70002017,A4918110101,2018-02-01,0.2382173612,0.0987912096
70002017,A4918110101,2018-03-01,0.2726570793,0.0988196872
70002017,A4918110101,2018-05-01,0.2801943146,0.0763162275
70002017,A4918110101,2018-06-01,0.2322248919,0.0666886738
70002017,A4918110101,2018-07-01,0.2650272134,0.0803724234
70002017,A4918110102,2017-09-01,0.3088422337,0.0920954748
70002017,A4918110102,2017-10-01,0.3099762743,0.0757378039
70002017,A4918110102,2017-11-01,0.2430384317,0.0968498924
70002017,A4918110102,2018-01-01,0.2626224564,0.0867896800
70002017,A4918110102,2018-02-01,0.2480473047,0.0869141745
70002017,A4918110102,2018-03-01,0.3098236508,0.0961110963
70002017,A4918110102,2018-05-01,0.3326213901,0.0715441150
70002017,A4918110102,2018-06-01,0.3223859199,0.0767051300
70002017,A4918110102,2018-07-01,0.2404795516,0.0957233303
70002017,A4918110103,2017-09-01,0.3198855491,0.0773736051
70002017,A4918110103,2017-10-01,0.2491344545,0.0924515444
70002017,A4918110103,2017-11-01,0.3077664518,0.0710785517
70002017,A4918110103,2018-01-01,0.2398932582,0.1032870651
70002017,A4918110103,2018-02-01,0.2881336525,0.0920198327
70002017,A4918110103,2018-03-01,0.2857284507,0.0974035971
70002017,A4918110103,2018-05-01,0.2788725383,0.0751391908
70002017,A4918110103,2018-06-01,0.2719784250,0.0977547280
70002017,A4918110103,2018-07-01,0.2947510223,0.0785514847
70002017,A4918110104,2017-09-01,0.2248127142,0.0717314119
70002017,A4918110104,2017-10-01,0.2629674440,0.0959347495
70002017,A4918110104,2017-11-01,0.2671940215,0.0824399897
70002017,A4918110104,2018-01-01,0.2365753837,0.0758893562
70002017,A4918110104,2018-02-01,0.3078020722,0.1021379420
70002017,A4918110104,2018-03-01,0.2420426032,0.0937691189
70002017,A4918110104,2018-05-01,0.2716993258,0.0999423082
70002017,A4918110104,2018-06-01,0.2583192671,0.0808115365
70002017,A4918110104,2018-07-01,0.2959836333,0.0830203111
70002017,A5018110201,2017-09-01,0.2967323592,0.0920748960
70002017,A5018110201,2017-10-01,0.3169685510,0.0853823384
70002017,A5018110201,2017-11-01,0.3158407697,0.0802451127
70002017,A5018110201,2018-01-01,0.3310388370,0.0895812569
70002017,A5018110201,2018-02-01,0.2581410886,0.0901001016
70002017,A5018110201,2018-03-01,0.2581740574,0.0889791014
70002017,A5018110201,2018-05-01,0.2534975482,0.0877632658
70002017,A5018110201,2018-06-01,0.2307938023,0.0788586059
70002017,A5018110201,2018-07-01,0.2810359994,0.0674327691
70002017,A5018110202,2017-09-01,0.2916757347,0.0829169575
70002017,A5018110202,2017-10-01,0.3058440967,0.0806306455
70002017,A5018110202,2017-11-01,0.2804137311,0.0911041420
70002017,A5018110202,2018-01-01,0.3141947560,0.0688947002
70002017,A5018110202,2018-02-01,0.2314515480,0.1037196429
70002017,A5018110202,2018-03-01,0.2850946100,0.1030316693
70002017,A5018110202,2018-05-01,0.2250328074,0.0927988299
70002017,A5018110202,2018-06-01,0.2684137251,0.0661853833
70002017,A5018110202,2018-07-01,0.2687424807,0.1021842689
70002017,A5018110203,2017-09-01,0.2651290104,0.0979521645
70002017,A5018110203,2017-10-01,0.2993124440,0.0659400154
70002017,A5018110203,2017-11-01,0.3275904862,0.0748664971
70002017,A5018110203,2018-01-01,0.2290756321,0.0748192373
70002017,A5018110203,2018-02-01,0.2485145496,0.0897559178
70002017,A5018110203,2018-03-01,0.3128377451,0.0844066868
70002017,A5018110203,2018-05-01,0.3003557018,0.1032010419
70002017,A5018110203,2018-06-01,0.3067660679,0.0976449022
70002017,A5018110203,2018-07-01,0.2954243801,0.0719552202
70002017,A5018110204,2017-09-01,0.2249619476,0.0742639686
70002017,A5018110204,2017-10-01,0.2524385825,0.0816942780
70002017,A5018110204,2017-11-01,0.2625471978,0.0693216712
70002017,A5018110204,2018-01-01,0.2877492013,0.0793867788
70002017,A5018110204,2018-02-01,0.3267410553,0.0658963436
70002017,A5018110204,2018-03-01,0.2484039988,0.0834378829
70002017,A5018110204,2018-05-01,0.2670762410,0.0927834127
70002017,A5018110204,2018-06-01,0.2482224062,0.0873880548
70002017,A5018110204,2018-07-01,0.2632124459,0.0772617892
70002017,A5318110101,2017-09-01,0.3132337816,0.0870510820
70002017,A5318110101,2017-10-01,0.2519599351,0.0695493916
70002017,A5318110101,2017-11-01,0.3080705236,0.0827097173
70002017,A5318110101,2018-01-01,0.3227734640,0.0757283290
70002017,A5318110101,2018-02-01,0.2737706259,0.1001792309
70002017,A5318110101,2018-03-01,0.2760048062,0.0958114196
70002017,A5318110101,2018-05-01,0.2585557643,0.1008900317
70002017,A5318110101,2018-06-01,0.3074434628,0.0793120911
70002017,A5318110101,2018-07-01,0.2860445644,0.0854207405
70002017,A5318110102,2017-09-01,0.2464005559,0.0808813617
70002017,A5318110102,2017-10-01,0.2834249927,0.0781657721
70002017,A5318110102,2017-11-01,0.3303113091,0.0844711513
70002017,A5318110102,2018-01-01,0.3119071430,0.0669560978
70002017,A5318110102,2018-02-01,0.2313561837,0.0918716462
70002017,A5318110102,2018-03-01,0.2944030674,0.1029810182
70002017,A5318110102,2018-05-01,0.2542072924,0.0768223317
70002017,A5318110102,2018-06-01,0.2746860925,0.0686573509
70002017,A5318110102,2018-07-01,0.2424562202,0.0897854439
70002017,A5318110103,2017-09-01,0.3064990464,0.0840937972
70002017,A5318110103,2017-10-01,0.3102273028,0.0875087951
70002017,A5318110103,2017-11-01,0.3091212382,0.0889872347
70002017,A5318110103,2018-01-01,0.2780636515,0.0887745915
70002017,A5318110103,2018-02-01,0.2488578299,0.0942329862
70002017,A5318110103,2018-03-01,0.2430678575,0.0698036056
70002017,A5318110103,2018-05-01,0.3308747436,0.1027592855
70002017,A5318110103,2018-06-01,0.2809920131,0.1016748691
70002017,A5318110103,2018-07-01,0.3056828313,0.0846155779
70002017,A5318110104,2017-09-01,0.2709874723,0.0678736373
70002017,A5318110104,2017-10-01,0.3090886696,0.0884435595
70002017,A5318110104,2017-11-01,0.3040616280,0.0863468599
70002017,A5318110104,2018-01-01,0.2666653836,0.0741033647
70002017,A5318110104,2018-02-01,0.2694186687,0.0888958418
70002017,A5318110104,2018-03-01,0.2234479360,0.0939898766
70002017,A5318110104,2018-05-01,0.3198962342,0.0727932097
70002017,A5318110104,2018-06-01,0.3047106171,0.0841058799
70002017,A5318110104,2018-07-01,0.2898861840,0.0879231988
70002017,A5318110105,2017-09-01,0.2613644045,0.0935146570
70002017,A5318110105,2017-10-01,0.2607430000,0.0666785355
70002017,A5318110105,2017-11-01,0.2711549878,0.0924403122
70002017,A5318110105,2018-01-01,0.3043124094,0.0888908889
70002017,A5318110105,2018-02-01,0.2327802213,0.0995546002
70002017,A5318110105,2018-03-01,0.3273708924,0.0865148871
70002017,A5318110105,2018-05-01,0.2257171790,0.0676394582
70002017,A5318110105,2018-06-01,0.3049288836,0.0997609364
70002017,A5318110105,2018-07-01,0.2935486965,0.1024157434
70002017,A5318110106,2017-09-01,0.2726855231,0.1020007347
70002017,A5318110106,2017-10-01,0.2953238885,0.0751639756
70002017,A5318110106,2017-11-01,0.2613495191,0.0850323298
70002017,A5318110106,2018-01-01,0.3248278246,0.0801261874
70002017,A5318110106,2018-02-01,0.2991447822,0.0753026284
70002017,A5318110106,2018-03-01,0.3057417682,0.0927700343
70002017,A5318110106,2018-05-01,0.2483496493,0.0985195851
70002017,A5318110106,2018-06-01,0.3302548649,0.0816158458
70002017,A5318110106,2018-07-01,0.2381661470,0.0759765093
70002017,A5318110107,2017-09-01,0.2279645754,0.0927509786
70002017,A5318110107,2017-10-01,0.2811064042,0.0934397753
70002017,A5318110107,2017-11-01,0.2946283646,0.0702878117
70002017,A5318110107,2018-01-01,0.3272240397,0.0915954423
70002017,A5318110107,2018-02-01,0.2830123984,0.0769226299
70002017,A5318110107,2018-03-01,0.2565931714,0.0962730216
70002017,A5318110107,2018-05-01,0.3294444978,0.1030378860
70002017,A5318110107,2018-06-01,0.2541074624,0.0806323050
70002017,A5318110107,2018-07-01,0.2527059700,0.0809303995
70002017,A5318110108,2017-09-01,0.2239927804,0.0945058282
70002017,A5318110108,2017-10-01,0.2555434603,0.0733064385
70002017,A5318110108,2017-11-01,0.3059079730,0.0937855620
70002017,A5318110108,2018-01-01,0.3300435647,0.0974937524
70002017,A5318110108,2018-02-01,0.2281675974,0.0958654189
70002017,A5318110108,2018-03-01,0.3156058500,0.0903145682
70002017,A5318110108,2018-05-01,0.2837486798,0.0790245158
70002017,A5318110108,2018-06-01,0.2259104597,0.0812082348
70002017,A5318110108,2018-07-01,0.2625213127,0.0977070724
70002017,A5419110201,2017-09-01,0.3169350258,0.0761893516
70002017,A5419110201,2017-10-01,0.2380994791,0.0688010938
70002017,A5419110201,2017-11-01,0.2266953107,0.0999150336
70002017,A5419110201,2018-01-01,0.2883282126,0.0923964621
70002017,A5419110201,2018-02-01,0.3268918535,0.0701333783
70002017,A5419110201,2018-03-01,0.2449853302,0.0770733811
70002017,A5419110201,2018-05-01,0.2640319579,0.0971003068
70002017,A5419110201,2018-06-01,0.2656429295,0.1011444204
70002017,A5419110201,2018-07-01,0.2491541847,0.1022078784
70002017,A5419110202,2017-09-01,0.2514408135,0.0996287905
70002017,A5419110202,2017-10-01,0.3114816558,0.0735585055
70002017,A5419110202,2017-11-01,0.2756051754,0.0720253866
70002017,A5419110202,2018-01-01,0.2790938509,0.0660029347
70002017,A5419110202,2018-02-01,0.2519964105,0.0885055792
70002017,A5419110202,2018-03-01,0.2344442257,0.0804601693
70002017,A5419110202,2018-05-01,0.2284178676,0.0892751022
70002017,A5419110202,2018-06-01,0.2544232136,0.0740751324
70002017,A5419110202,2018-07-01,0.2777131116,0.0730877163
70002017,A5419110203,2017-09-01,0.2617719487,0.1028715630
70002017,A5419110203,2017-10-01,0.3229471672,0.0915427479
70002017,A5419110203,2017-11-01,0.3063480697,0.0791089864
70002017,A5419110203,2018-01-01,0.2964803374,0.1004030075
70002017,A5419110203,2018-02-01,0.2658226072,0.0682769091
70002017,A5419110203,2018-03-01,0.2935079308,0.0856488992
70002017,A5419110203,2018-05-01,0.3094686337,0.0669361628
70002017,A5419110203,2018-06-01,0.2555748556,0.0915496671
70002017,A5419110203,2018-07-01,0.3052665639,0.0732393554
70002017,A5419110204,2017-09-01,0.2481783866,0.0834371891
70002017,A5419110204,2017-10-01,0.2698371265,0.0773118220
70002017,A5419110204,2017-11-01,0.2242218887,0.0670307625
70002017,A5419110204,2018-01-01,0.2620367442,0.0984298136
70002017,A5419110204,2018-02-01,0.3198605043,0.0755029788
70002017,A5419110204,2018-03-01,0.3318966764,0.0771556946
70002017,A5419110204,2018-05-01,0.3115550609,0.0838442725
70002017,A5419110204,2018-06-01,0.2263657189,0.0941579444
70002017,A5419110204,2018-07-01,0.3221552551,0.0692776383
70002017,A5419110205,2017-09-01,0.2765034835,0.0724612418
70002017,A5419110205,2017-10-01,0.2702763377,0.0748574253
70002017,A5419110205,2017-11-01,0.3276068664,0.0877212298
70002017,A5419110205,2018-01-01,0.2934256469,0.0739371276
70002017,A5419110205,2018-02-01,0.2866793115,0.0952338318
70002017,A5419110205,2018-03-01,0.3300654594,0.0923427742
70002017,A5419110205,2018-05-01,0.2549644327,0.0736039666
70002017,A5419110205,2018-06-01,0.2907793739,0.0672180405
70002017,A5419110205,2018-07-01,0.2766561290,0.0976627630
70002017,A6018110101,2017-09-01,0.3135595903,0.0910181797
70002017,A6018110101,2017-10-01,0.2885198371,0.0763616470
70002017,A6018110101,2017-11-01,0.2662863162,0.0996711946
70002017,A6018110101,2018-01-01,0.2244626182,0.0779451608
70002017,A6018110101,2018-02-01,0.2533609505,0.0807842824
70002017,A6018110101,2018-03-01,0.2262600041,0.0836058801
70002017,A6018110101,2018-05-01,0.3097891226,0.0935994432
70002017,A6018110101,2018-06-01,0.2803451797,0.0926925745
70002017,A6018110101,2018-07-01,0.2780943474,0.0861622837
70002017,A6018110102,2017-09-01,0.2885199967,0.0825554933
70002017,A6018110102,2017-10-01,0.2948809570,0.0702515251
70002017,A6018110102,2017-11-01,0.2775129657,0.0845353673
70002017,A6018110102,2018-01-01,0.2706221410,0.0728970957
70002017,A6018110102,2018-02-01,0.2398230507,0.0864437607
70002017,A6018110102,2018-03-01,0.3089992967,0.0972847963
70002017,A6018110102,2018-05-01,0.3119793100,0.0922092510
70002017,A6018110102,2018-06-01,0.2559139833,0.0778895357
70002017,A6018110102,2018-07-01,0.2546995459,0.0923168268
70002017,A6218160101,2017-09-01,0.3141385506,0.0677739485
70002017,A6218160101,2017-10-01,0.3028957162,0.0769541040
70002017,A6218160101,2017-11-01,0.2483114218,0.0948199050
70002017,A6218160101,2018-01-01,0.3279354102,0.0912983332
70002017,A6218160101,2018-02-01,0.2434604452,0.1024116636
70002017,A6218160101,2018-03-01,0.3279625854,0.0900301466
70002017,A6218160101,2018-05-01,0.2958979535,0.1033004519
70002017,A6218160101,2018-06-01,0.2588781614,0.0695044103
70002017,A6218160101,2018-07-01,0.3308126580,0.0704949586
70002017,A6218160102,2017-09-01,0.3079342853,0.0856117293
70002017,A6218160102,2017-10-01,0.2450580915,0.0904391941
70002017,A6218160102,2017-11-01,0.2339338697,0.0711170643
70002017,A6218160102,2018-01-01,0.2841430735,0.0736396192
70002017,A6218160102,2018-02-01,0.3100611691,0.0689145813
70002017,A6218160102,2018-03-01,0.2231214649,0.0797055102
70002017,A6218160102,2018-05-01,0.2740320910,0.0846755186
70002017,A6218160102,2018-06-01,0.3146274746,0.0798059151
70002017,A6218160102,2018-07-01,0.2444770676,0.0732973321
70002017,A7118160101,2017-09-01,0.2365267278,0.0896842901
70002017,A7118160101,2017-10-01,0.2268434732,0.0745004805
70002017,A7118160101,2017-11-01,0.2538145313,0.0811460810
70002017,A7118160101,2018-01-01,0.2806186188,0.0815070978
70002017,A7118160101,2018-02-01,0.2683779558,0.0770563240
70002017,A7118160101,2018-03-01,0.2601347694,0.0759421738
70002017,A7118160101,2018-05-01,0.2449726688,0.0920042642
70002017,A7118160101,2018-06-01,0.2295572399,0.1004753020
70002017,A7118160101,2018-07-01,0.2826299308,0.0831125759
70002018,A0118150101,2017-09-01,0.3189476612,0.0823613747
70002018,A0118150101,2017-10-01,0.2723515634,0.0985196370
70002018,A0118150101,2017-12-01,0.3327504505,0.0871114747
70002018,A0118150101,2018-01-01,0.3219415198,0.1035830297
70002018,A0118150101,2018-02-01,0.2830849456,0.0894588960
70002018,A0118150101,2018-04-01,0.2731918309,0.0683837657
70002018,A0118150101,2018-05-01,0.2332195928,0.0858295826
70002018,A0118150101,2018-06-01,0.2496216903,0.0792647618
70002018,A0118150101,2018-08-01,0.2601665743,0.0977660709
70002018,A0118150102,2017-09-01,0.2533105203,0.0674213744
70002018,A0118150102,2017-10-01,0.2283226980,0.0914436639
70002018,A0118150102,2017-12-01,0.3198506548,0.1029447797
70002018,A0118150102,2018-01-01,0.2446549551,0.0922001060
70002018,A0118150102,2018-02-01,0.2322978926,0.0685410357
70002018,A0118150102,2018-04-01,0.2700036657,0.0835959644
70002018,A0118150102,2018-05-01,0.2742438908,0.0787592052
70002018,A0118150102,2018-06-01,0.2271913055,0.0755677375
70002018,A0118150102,2018-08-01,0.3080916828,0.0778531194
70002018,A0118150103,2017-09-01,0.2602616454,0.0969964721
70002018,A0118150103,2017-10-01,0.2611187729,0.0731299344
70002018,A0118150103,2017-12-01,0.2885025118,0.0994975455
70002018,A0118150103,2018-01-01,0.2511091238,0.0678097597
70002018,A0118150103,2018-02-01,0.3246423547,0.0883156114
70002018,A0118150103,2018-04-01,0.2825074949,0.0885792611
70002018,A0118150103,2018-05-01,0.2614759970,0.0923757493
70002018,A0118150103,2018-06-01,0.3201274695,0.0771078562
70002018,A0118150103,2018-08-01,0.2476973631,0.0771095356
70002018,A0118150104,2017-09-01,0.3096795418,0.0745988255
70002018,A0118150104,2017-10-01,0.3223122141,0.0927713788
70002018,A0118150104,2017-12-01,0.3181432639,0.0804796010
70002018,A0118150104,2018-01-01,0.2414389179,0.0835986210
70002018,A0118150104,2018-02-01,0.2681900508,0.0752166473
70002018,A0118150104,2018-04-01,0.3239772288,0.0891478680
70002018,A0118150104,2018-05-01,0.3262087013,0.1013025510
70002018,A0118150104,2018-06-01,0.3108488401,0.0974300010
70002018,A0118150104,2018-08-01,0.3316652379,0.0776025515
70002018,A0418150101,2017-09-01,0.2857247585,0.0833870668
70002018,A0418150101,2017-10-01,0.2915813401,0.0781638912
70002018,A0418150101,2017-12-01,0.3056747849,0.0677070980
70002018,A0418150101,2018-01-01,0.3048137622,0.1034519920
70002018,A0418150101,2018-02-01,0.2435075324,0.0730225013
70002018,A0418150101,2018-04-01,0.2815318252,0.0673612186
70002018,A0418150101,2018-05-01,0.3081672686,0.0872334354
70002018,A0418150101,2018-06-01,0.2655599673,0.1017690205
70002018,A0418150101,2018-08-01,0.3014783008,0.0676839197
70002018,A0418150102,2017-09-01,0.3247340870,0.0762463868
70002018,A0418150102,2017-10-01,0.2513991388,0.0776261855
70002018,A0418150102,2017-12-01,0.2318464059,0.0970374109
70002018,A0418150102,2018-01-01,0.3270373324,0.0772017121
70002018,A0418150102,2018-02-01,0.2970885117,0.0884875720
70002018,A0418150102,2018-04-01,0.2583495374,0.0787410035
70002018,A0418150102,2018-05-01,0.2260582286,0.0867100598
70002018,A0418150102,2018-06-01,0.2885174037,0.1003969110
70002018,A0418150102,2018-08-01,0.3140287301,0.0909824892
70002018,A0418150103,2017-09-01,0.2268217657,0.0838496567
70002018,A0418150103,2017-10-01,0.3081834286,0.0971406140
70002018,A0418150103,2017-12-01,0.2811933393,0.0995381497
70002018,A0418150103,2018-01-01,0.3078630093,0.0736343177
70002018,A0418150103,2018-02-01,0.2831077807,0.0915608585
70002018,A0418150103,2018-04-01,0.2708487365,0.0984196535
70002018,A0418150103,2018-05-01,0.3274362782,0.0932052553
70002018,A0418150103,2018-06-01,0.2629214507,0.0841970022
70002018,A0418150103,2018-08-01,0.2711706638,0.0713959741
70002018,A0418150104,2017-09-01,0.3106489997,0.0969932617
70002018,A0418150104,2017-10-01,0.3310413977,0.0693502273
70002018,A0418150104,2017-12-01,0.2335787293,0.0763974409
70002018,A0418150104,2018-01-01,0.3043596273,0.0755455451
70002018,A0418150104,2018-02-01,0.2332735886,0.0998908440
70002018,A0418150104,2018-04-01,0.3266857249,0.1001554751
70002018,A0418150104,2018-05-01,0.2945239654,0.0704752437
70002018,A0418150104,2018-06-01,0.2568168840,0.0903621903
70002018,A0418150104,2018-08-01,0.3072011963,0.0947045936
70002018,A0418150105,2017-09-01,0.3169401037,0.0691743130
70002018,A0418150105,2017-10-01,0.2988458640,0.0945514665
70002018,A0418150105,2017-12-01,0.2634395416,0.0885689869
70002018,A0418150105,2018-01-01,0.2622450567,0.0684946726
70002018,A0418150105,2018-02-01,0.2997064190,0.0660216530
70002018,A0418150105,2018-04-01,0.3200702760,0.0664263498
70002018,A0418150105,2018-05-01,0.2344058116,0.0911184862
70002018,A0418150105,2018-06-01,0.2793562409,0.0894558284
70002018,A0418150105,2018-08-01,0.3262808881,0.0937174587
70002018,A1018150101,2017-09-01,0.2936624538,0.0727901988
70002018,A1018150101,2017-10-01,0.3008755738,0.0926665798
70002018,A1018150101,2017-12-01,0.2380095670,0.0884294082
70002018,A1018150101,2018-01-01,0.2533441833,0.1005889175
70002018,A1018150101,2018-02-01,0.3121047630,0.0846407007
70002018,A1018150101,2018-04-01,0.3140475886,0.0844855267
70002018,A1018150101,2018-05-01,0.3061645917,0.0963967817
70002018,A1018150101,2018-06-01,0.3074742529,0.0929700064
70002018,A1018150101,2018-08-01,0.3309466063,0.1023672232
70002018,A1018150102,2017-09-01,0.2464242732,0.1020547840
70002018,A1018150102,2017-10-01,0.3114310434,0.0792345937
70002018,A1018150102,2017-12-01,0.2422024619,0.0857418871
70002018,A1018150102,2018-01-01,0.3208388555,0.0813706362
70002018,A1018150102,2018-02-01,0.2859353593,0.0888750544
70002018,A1018150102,2018-04-01,0.2845267550,0.0979017641
70002018,A1018150102,2018-05-01,0.2774999136,0.0940084392
70002018,A1018150102,2018-06-01,0.2829934146,0.0685107866
70002018,A1018150102,2018-08-01,0.2430704440,0.0710129344
70002018,A1018150103,2017-09-01,0.2331608632,0.0726335684
70002018,A1018150103,2017-10-01,0.3017305792,0.0778051846
70002018,A1018150103,2017-12-01,0.2424386812,0.0886653319
70002018,A1018150103,2018-01-01,0.2742103391,0.0862189696
70002018,A1018150103,2018-02-01,0.2763223833,0.0717329746
70002018,A1018150103,2018-04-01,0.2614860023,0.0691222002
70002018,A1018150103,2018-05-01,0.2935428174,0.0714014099
70002018,A1018150103,2018-06-01,0.2646407554,0.0705344267
70002018,A1018150103,2018-08-01,0.2864319562,0.0755298077
70002018,A1118150201,2017-09-01,0.2385198142,0.0934081398
70002018,A1118150201,2017-10-01,0.3080354749,0.0965945307
70002018,A1118150201,2017-12-01,0.3165534999,0.1009922400
70002018,A1118150201,2018-01-01,0.2426544919,0.1013833950
70002018,A1118150201,2018-02-01,0.2381959599,0.0976004650
70002018,A1118150201,2018-04-01,0.2368790466,0.0723363790
70002018,A1118150201,2018-05-01,0.2988964261,0.0707396280
70002018,A1118150201,2018-06-01,0.3214493440,0.0690950745
70002018,A1118150201,2018-08-01,0.2872685266,0.0721938378
70002018,A1118150202,2017-09-01,0.2226329730,0.0765923606
70002018,A1118150202,2017-10-01,0.3038508136,0.0787815221
70002018,A1118150202,2017-12-01,0.2932128274,0.0720444902
70002018,A1118150202,2018-01-01,0.2845112088,0.0828416988
70002018,A1118150202,2018-02-01,0.2778855030,0.0970141115
70002018,A1118150202,2018-04-01,0.2382804462,0.0671406597
70002018,A1118150202,2018-05-01,0.2295258806,0.0974769567
70002018,A1118150202,2018-06-01,0.3019115315,0.0771475663
70002018,A1118150202,2018-08-01,0.2825783123,0.0678149003
70002018,A1119150203,2017-09-01,0.2594218221,0.0685287854
70002018,A1119150203,2017-10-01,0.3067299016,0.0915906252
70002018,A1119150203,2017-12-01,0.2943619550,0.0899392448
70002018,A1119150203,2018-01-01,0.3194912817,0.0843231653
70002018,A1119150203,2018-02-01,0.2244096543,0.0810193494
70002018,A1119150203,2018-04-01,0.2754172507,0.0814220427
70002018,A1119150203,2018-05-01,0.2567936525,0.0660626477
70002018,A1119150203,2018-06-01,0.2477484749,0.0938712596
70002018,A1119150203,2018-08-01,0.3121943423,0.0705004566
70002018,A1219150301,2017-09-01,0.2915873956,0.0969832175
70002018,A1219150301,2017-10-01,0.3267343282,0.0822839204
70002018,A1219150301,2017-12-01,0.3034213860,0.0672109868
70002018,A1219150301,2018-01-01,0.3208650862,0.0940852408
70002018,A1219150301,2018-02-01,0.3186225667,0.0731352558
70002018,A1219150301,2018-04-01,0.2379850057,0.0945370384
70002018,A1219150301,2018-05-01,0.2486379907,0.0884365099
70002018,A1219150301,2018-06-01,0.2280301167,0.0846406146
70002018,A1219150301,2018-08-01,0.3220306030,0.0921546781
70002018,A1618150101,2017-09-01,0.3327125750,0.0721410004
70002018,A1618150101,2017-10-01,0.2722647068,0.0770307042
70002018,A1618150101,2017-12-01,0.3055029712,0.0965742131
70002018,A1618150101,2018-01-01,0.3053162811,0.0819519453
70002018,A1618150101,2018-02-01,0.3123181736,0.0697098064
70002018,A1618150101,2018-04-01,0.3011864846,0.0779569552
70002018,A1618150101,2018-05-01,0.2695362244,0.0904835969
70002018,A1618150101,2018-06-01,0.3024800509,0.0965666778
70002018,A1618150101,2018-08-01,0.2339599967,0.0662632760
70002018,A1618150102,2017-09-01,0.2896065443,0.0755911338
70002018,A1618150102,2017-10-01,0.2947103805,0.0784813392
70002018,A1618150102,2017-12-01,0.3153450071,0.0677541159
70002018,A1618150102,2018-01-01,0.3141169577,0.0801250886
70002018,A1618150102,2018-02-01,0.3302256830,0.0948906014
70002018,A1618150102,2018-04-01,0.2513421826,0.0846795337
70002018,A1618150102,2018-05-01,0.2740076567,0.0765908558
70002018,A1618150102,2018-06-01,0.2877455436,0.0970062092
70002018,A1618150102,2018-08-01,0.3321525066,0.0857177559
70002018,A1618150103,2017-09-01,0.2877106238,0.0950690998
70002018,A1618150103,2017-10-01,0.2649715867,0.0975009061
70002018,A1618150103,2017-12-01,0.2515215517,0.0842259930
70002018,A1618150103,2018-01-01,0.3204847323,0.0906295557
70002018,A1618150103,2018-02-01,0.2842910746,0.0726813610
70002018,A1618150103,2018-04-01,0.3025990460,0.0889928804
70002018,A1618150103,2018-05-01,0.2702084967,0.0712673394
70002018,A1618150103,2018-06-01,0.2357158557,0.0711851671
70002018,A1618150103,2018-08-01,0.3014735110,0.0984435611
70002018,A1618150104,2017-09-01,0.2498985899,0.0686351149
70002018,A1618150104,2017-10-01,0.3249367171,0.0818193502
70002018,A1618150104,2017-12-01,0.2297405626,0.0951005758
70002018,A1618150104,2018-01-01,0.2953596396,0.0906668273
70002018,A1618150104,2018-02-01,0.2389628716,0.0817944571
70002018,A1618150104,2018-04-01,0.2322858495,0.0807794962
70002018,A1618150104,2018-05-01,0.2509206343,0.0712360107
70002018,A1618150104,2018-06-01,0.2766780800,0.0717901543
70002018,A1618150104,2018-08-01,0.2270929015,0.0806642699
70002018,A1718150201,2017-09-01,0.2783395883,0.0992493632
70002018,A1718150201,2017-10-01,0.2264810760,0.0713133156
70002018,A1718150201,2017-12-01,0.2431338016,0.0685892371
70002018,A1718150201,2018-01-01,0.2711136172,0.0903447133
70002018,A1718150201,2018-02-01,0.2648549754,0.0753532540
70002018,A1718150201,2018-04-01,0.2645781226,0.0916897024
70002018,A1718150201,2018-05-01,0.2921631576,0.1030558211
70002018,A1718150201,2018-06-01,0.3002678355,0.0703287054
70002018,A1718150201,2018-08-01,0.3246199421,0.0967758320
70002018,A2118150101,2017-09-01,0.2824234738,0.1033953618
70002018,A2118150101,2017-10-01,0.2851872532,0.0777082274
70002018,A2118150101,2017-12-01,0.3032325183,0.0948825690
70002018,A2118150101,2018-01-01,0.2819056615,0.0677697512
70002018,A2118150101,2018-02-01,0.3104440814,0.0701966706
70002018,A2118150101,2018-04-01,0.3182193912,0.0690715156
70002018,A2118150101,2018-05-01,0.2666062702,0.0704695644
70002018,A2118150101,2018-06-01,0.2772787292,0.0704355282
70002018,A2118150101,2018-08-01,0.2505470775,0.0897607196
70002018,A2118150102,2017-09-01,0.2712868856,0.1027659092
70002018,A2118150102,2017-10-01,0.2548632645,0.0871412512
70002018,A2118150102,2017-12-01,0.3111790831,0.0731548360
70002018,A2118150102,2018-01-01,0.3148507477,0.0990045122
70002018,A2118150102,2018-02-01,0.2865469344,0.0839972249
70002018,A2118150102,2018-04-01,0.3087998604,0.0749792825
70002018,A2118150102,2018-05-01,0.3113576919,0.0658446085
70002018,A2118150102,2018-06-01,0.2612459163,0.0750744934
70002018,A2118150102,2018-08-01,0.3156282743,0.0918821731
70002018,A2118150103,2017-09-01,0.2307061873,0.0971657037
70002018,A2118150103,2017-10-01,0.2572384681,0.0772630478
70002018,A2118150103,2017-12-01,0.3199367631,0.0893926816
70002018,A2118150103,2018-01-01,0.3143130386,0.0670388742
70002018,A2118150103,2018-02-01,0.2368562262,0.0698791493
70002018,A2118150103,2018-04-01,0.2273844818,0.1032930401
70002018,A2118150103,2018-05-01,0.2610400539,0.0689481153
70002018,A2118150103,2018-06-01,0.2585349652,0.0983506831
70002018,A2118150103,2018-08-01,0.2881688976,0.0767863723
70002018,A2118150104,2017-09-01,0.2828639299,0.0668025404
